name,surname,gender,age,married,children,email,phone,work,salary,creditcard,expenditures,car,carcolor
Agathe,Stroud,Female,60,false,6,astroud0@symantec.com,871 685 066,Information Systems Manager,11110,true,7777,Toyota,Green
Guglielma,Bewick,Female,41,true,0,gbewick1@pbs.org,878 181 171,VP Marketing,12660,true,10128,Ford,Indigo
Horacio,Brookesbie,Male,27,false,3,hbrookesbie2@mayoclinic.com,821 982 470,VP Accounting,9310,false,3724,Ford,Violet
Lucretia,Snasdell,Male,40,false,1,lsnasdell3@sogou.com,893 236 138,Systems Administrator IV,14340,true,4302,Chevrolet,Red
Genvieve,Wintringham,Female,22,true,6,gwintringham4@ft.com,894 231 658,Design Engineer,9720,true,4860,Pontiac,Khaki
Melitta,Borham,Female,40,false,2,mborham5@netvibes.com,896 325 428,VP Marketing,16450,true,6580,Mercedes-Benz,Blue
Elene,Kieran,Male,43,false,3,ekieran6@google.co.jp,603 182 893,Recruiter,15460,true,6184,Chrysler,Violet
Eldon,Kneebone,Male,60,true,0,ekneebone7@networkadvertising.org,863 850 997,Food Chemist,6070,true,2428,Jaguar,Aquamarine
Onofredo,Estable,Male,48,false,0,oestable8@cbsnews.com,668 962 545,Senior Editor,6050,true,4235,Nissan,Goldenrod
Opalina,Nuschke,Female,35,false,5,onuschke9@psu.edu,821 031 858,General Manager,10760,true,9684,Dodge,Khaki
Erinna,Hould,Female,40,true,4,ehoulda@theatlantic.com,868 206 628,Compensation Analyst,2190,true,1971,GMC,Aquamarine
Louise,Bearham,Male,21,true,3,lbearhamb@sogou.com,651 293 272,Chief Design Engineer,2010,true,1005,Audi,Purple
Tawsha,Garfoot,Female,46,false,6,tgarfootc@java.com,852 843 280,Geological Engineer,10610,true,9549,GMC,Aquamarine
Debi,Corter,Male,45,false,5,dcorterd@ezinearticles.com,586 263 970,Research Associate,16680,false,13344,Honda,Aquamarine
Lyn,Maty,Male,28,false,0,lmatye@nature.com,897 169 289,VP Quality Control,16300,false,9780,Oldsmobile,Violet
Gayle,De Ferraris,Female,27,true,3,gdeferrarisf@homestead.com,895 152 378,Director of Sales,9910,false,2973,Toyota,Khaki
Augy,Ashton,Female,37,true,2,aashtong@senate.gov,814 868 676,Budget/Accounting Analyst IV,3480,true,2088,Mercedes-Benz,Khaki
Saba,Lowrey,Male,27,false,3,slowreyh@state.gov,834 952 984,Engineer IV,8650,true,1730,Volkswagen,Orange
Jilli,Mateos,Male,52,false,3,jmateosi@google.co.uk,598 778 381,Nurse,7190,false,4314,Aston Martin,Teal
Alfonso,Pennoni,Male,27,true,3,apennonij@vkontakte.ru,625 483 275,Structural Analysis Engineer,17720,true,10632,Suzuki,Green
Hildagard,Yockley,Male,23,false,4,hyockleyk@behance.net,836 641 369,Executive Secretary,6410,true,2564,Buick,Mauv
Carmita,Airlie,Female,32,false,4,cairliel@cdbaby.com,696 638 131,VP Marketing,9920,false,3968,Spyker,Red
Bret,Flay,Male,44,true,6,bflaym@photobucket.com,802 229 019,Accountant III,16750,true,6700,Cadillac,Pink
Maryrose,Gamlin,Female,26,true,6,mgamlinn@ftc.gov,869 306 836,Food Chemist,16810,false,8405,Pontiac,Violet
Joel,Setterthwait,Male,30,false,4,jsetterthwaito@squidoo.com,544 313 188,Dental Hygienist,9040,false,4520,Mercury,Indigo
Carlyle,Hart,Male,19,false,6,chartp@google.com.br,665 872 669,Clinical Specialist,4250,false,2550,Cadillac,Red
Sammy,Crawford,Female,59,false,5,scrawfordq@illinois.edu,539 410 347,Senior Developer,3940,true,1576,Buick,Violet
Catherina,Spurrett,Male,55,false,2,cspurrettr@github.com,803 877 845,Structural Engineer,11970,true,5985,GMC,Aquamarine
Hana,Robilart,Female,23,true,2,hrobilarts@altervista.org,679 386 698,Senior Financial Analyst,3780,true,2646,Nissan,Maroon
Arleta,Planks,Male,38,false,5,aplankst@salon.com,685 175 448,Quality Engineer,9890,false,8901,Pontiac,Purple
Coreen,Girodier,Female,56,true,5,cgirodieru@hatena.ne.jp,849 224 047,VP Marketing,4790,false,4311,GMC,Puce
Pattin,Gaskarth,Female,60,true,0,pgaskarthv@hugedomains.com,870 442 734,Chemical Engineer,6910,true,6219,Chrysler,Violet
Crin,Dike,Male,46,false,6,cdikew@drupal.org,856 665 025,Operator,6870,true,4122,Suzuki,Teal
Lonny,Delaprelle,Female,24,true,6,ldelaprellex@tinypic.com,543 503 576,Desktop Support Technician,17330,true,5199,GMC,Red
Averyl,Ponde,Female,25,true,3,apondey@amazon.com,858 774 898,Graphic Designer,6550,false,1965,Dodge,Crimson
Janie,Dunkerley,Female,30,false,3,jdunkerleyz@people.com.cn,680 256 471,Research Associate,12940,true,10352,Toyota,Yellow
Jemmie,Killough,Male,51,false,1,jkillough10@surveymonkey.com,541 321 245,Compensation Analyst,12760,true,10208,Hyundai,Pink
Alecia,Harcombe,Female,41,false,1,aharcombe11@abc.net.au,850 005 766,Registered Nurse,2090,true,1045,Chevrolet,Blue
Duky,Shivlin,Female,27,true,1,dshivlin12@ning.com,584 360 164,Help Desk Technician,12140,false,7284,Ford,Goldenrod
Rossie,Duns,Male,33,true,4,rduns13@arstechnica.com,878 479 499,Pharmacist,16530,true,8265,Ford,Mauv
Ania,Stille,Male,36,true,3,astille14@cyberchimps.com,860 005 095,VP Marketing,14670,false,4401,Ford,Orange
Mohammed,Triggel,Female,21,true,1,mtriggel15@nps.gov,674 822 913,Staff Scientist,4370,false,3933,Honda,Red
Alick,Padfield,Female,20,false,2,apadfield16@berkeley.edu,832 066 552,Account Executive,8840,false,7072,Maserati,Purple
Perice,Costa,Female,24,true,4,pcosta17@nature.com,810 286 932,Quality Control Specialist,3430,true,2058,Chevrolet,Khaki
Kacie,Almack,Male,34,false,4,kalmack18@go.com,622 939 382,Design Engineer,11340,true,2268,Audi,Violet
Anitra,Whittle,Female,53,false,1,awhittle19@weather.com,803 155 371,Data Coordiator,15410,false,7705,Mercury,Goldenrod
Randene,Lorryman,Male,31,true,4,rlorryman1a@redcross.org,584 378 034,Director of Sales,16520,false,6608,Ford,Violet
Cheston,Tight,Female,51,true,0,ctight1b@tuttocitta.it,876 599 329,Paralegal,16250,false,4875,Geo,Green
Hendrika,Lawleff,Female,43,false,6,hlawleff1c@over-blog.com,872 455 573,Systems Administrator I,15140,true,3028,Chevrolet,Turquoise
Ford,Seiler,Female,32,false,1,fseiler1d@discuz.net,563 655 248,Operator,1870,true,748,Toyota,Mauv
Auguste,Grigson,Female,55,false,1,agrigson1e@jalbum.net,837 663 180,Senior Cost Accountant,9210,false,2763,Mitsubishi,Khaki
Nefen,Symms,Male,49,false,0,nsymms1f@sfgate.com,835 983 256,Software Engineer I,7590,false,1518,Chevrolet,Aquamarine
Allistir,Pointing,Male,39,true,4,apointing1g@prnewswire.com,891 697 821,Senior Editor,12590,true,11331,Porsche,Maroon
Elka,Forcade,Female,24,true,1,eforcade1h@timesonline.co.uk,502 351 781,Community Outreach Specialist,12930,true,3879,Jeep,Maroon
Deana,Noulton,Male,28,true,3,dnoulton1i@slashdot.org,875 678 004,Teacher,4430,false,3544,Ford,Orange
Daren,Bremeyer,Female,19,true,3,dbremeyer1j@dropbox.com,592 808 198,Geological Engineer,17310,false,6924,Oldsmobile,Indigo
Cassandre,Searston,Male,48,true,5,csearston1k@etsy.com,522 046 700,Physical Therapy Assistant,3900,false,2340,Ford,Maroon
Filberto,Rumford,Female,32,true,0,frumford1l@skyrock.com,876 529 616,Recruiter,8180,true,6544,Pontiac,Crimson
Alano,Kadd,Female,27,false,6,akadd1m@psu.edu,631 691 535,Research Nurse,13980,true,9786,Chevrolet,Pink
Gabby,Pettiford,Male,51,true,5,gpettiford1n@ow.ly,564 044 564,GIS Technical Architect,12700,false,2540,Oldsmobile,Yellow
Tudor,Softley,Female,60,false,1,tsoftley1o@moonfruit.com,864 442 184,Director of Sales,2280,true,684,Toyota,Fuscia
Vilhelmina,Ingraham,Female,36,false,3,vingraham1p@prlog.org,835 437 698,Speech Pathologist,15060,true,3012,Honda,Crimson
Cathy,Gilsthorpe,Female,49,true,2,cgilsthorpe1q@usatoday.com,578 853 430,Assistant Manager,1920,true,384,Saab,Turquoise
Diandra,Newtown,Female,53,true,1,dnewtown1r@phoca.cz,835 788 427,Assistant Professor,13810,false,6905,GMC,Turquoise
Ardyth,Wapplington,Male,24,true,1,awapplington1s@cnbc.com,679 218 021,Web Designer I,1980,true,1782,Mercedes-Benz,Blue
Levey,Schwant,Male,32,false,1,lschwant1t@bloglovin.com,886 919 810,Recruiter,7270,true,6543,Audi,Crimson
Walsh,Nurdin,Male,28,false,1,wnurdin1u@hud.gov,572 459 050,Staff Accountant II,12830,false,3849,Audi,Mauv
Salomi,Lembcke,Male,59,true,4,slembcke1v@guardian.co.uk,655 445 751,Product Engineer,13110,false,6555,Toyota,Green
Felicity,Roberson,Male,32,true,0,froberson1w@comcast.net,526 876 208,Human Resources Assistant II,4440,false,1776,Toyota,Violet
Mohandas,Pitherick,Male,33,true,2,mpitherick1x@cafepress.com,574 024 417,Marketing Manager,9640,false,1928,Bentley,Goldenrod
Sisely,Godfray,Female,48,true,6,sgodfray1y@patch.com,683 468 783,Actuary,9780,true,4890,Saab,Fuscia
Marjory,Judson,Male,38,false,4,mjudson1z@sourceforge.net,679 497 966,Senior Developer,15160,true,3032,Chevrolet,Orange
Errol,Dougill,Female,22,true,1,edougill20@stanford.edu,816 803 705,Graphic Designer,3360,false,672,Chevrolet,Orange
Judith,Feek,Female,21,false,3,jfeek21@thetimes.co.uk,653 010 163,Chief Design Engineer,6610,true,2644,Ford,Mauv
Borg,Robertazzi,Female,54,false,1,brobertazzi22@printfriendly.com,872 798 011,Registered Nurse,8510,true,2553,Chevrolet,Khaki
Annnora,Hardcastle,Female,33,false,3,ahardcastle23@nydailynews.com,570 210 558,VP Sales,5580,false,2790,Toyota,Maroon
Joline,Bibey,Female,42,true,2,jbibey24@bluehost.com,897 820 475,Staff Accountant II,10070,true,4028,Lincoln,Indigo
Nanon,Slobom,Male,46,false,3,nslobom25@live.com,829 526 707,GIS Technical Architect,5700,false,2850,Isuzu,Khaki
Sophronia,Beekman,Female,32,true,5,sbeekman26@jigsy.com,642 866 442,Statistician II,14040,true,4212,Dodge,Khaki
Idalia,Lax,Male,40,false,1,ilax27@last.fm,544 924 497,Nurse Practicioner,8430,false,5058,Toyota,Red
Lesli,Collough,Female,18,true,6,lcollough28@domainmarket.com,585 402 726,Chemical Engineer,2890,false,1156,Lexus,Pink
Somerset,Johnsee,Male,34,true,6,sjohnsee29@berkeley.edu,851 981 347,Administrative Officer,5520,false,4416,Lexus,Red
Hillary,Lexa,Male,20,false,4,hlexa2a@princeton.edu,863 485 921,Senior Cost Accountant,11210,false,3363,Toyota,Fuscia
Rudolf,Reinisch,Female,23,true,2,rreinisch2b@joomla.org,864 462 915,Civil Engineer,4830,false,3864,Audi,Teal
Joscelin,Ferminger,Male,42,true,3,jferminger2c@privacy.gov.au,609 144 833,Human Resources Manager,3500,true,1400,Dodge,Teal
Ambrosio,Sprakes,Male,22,true,6,asprakes2d@buzzfeed.com,836 763 852,Senior Quality Engineer,4140,true,3726,Dodge,Teal
Karilynn,Jacop,Female,49,false,2,kjacop2e@yale.edu,877 272 416,Accounting Assistant II,15970,false,11179,GMC,Khaki
Donella,Wevell,Male,26,true,5,dwevell2f@oaic.gov.au,515 310 840,Chief Design Engineer,15460,true,12368,Lotus,Yellow
Avis,Akester,Male,30,true,0,aakester2g@illinois.edu,629 812 890,Software Test Engineer II,17220,true,6888,Mitsubishi,Purple
Michell,Ferrieroi,Female,45,false,1,mferrieroi2h@linkedin.com,691 489 463,Research Assistant IV,17580,true,12306,Subaru,Goldenrod
Rinaldo,Gronow,Female,32,true,6,rgronow2i@earthlink.net,529 800 888,Information Systems Manager,17690,true,3538,Ford,Goldenrod
Matilda,Bedlington,Male,26,true,4,mbedlington2j@nbcnews.com,876 294 840,Pharmacist,17580,true,12306,Acura,Mauv
Quentin,Minithorpe,Male,19,true,0,qminithorpe2k@wikimedia.org,657 125 696,Senior Cost Accountant,15310,false,13779,Lexus,Fuscia
Sascha,Lilburne,Female,49,false,3,slilburne2l@51.la,635 751 528,Professor,15270,true,4581,BMW,Fuscia
Celle,Wadelin,Female,32,true,3,cwadelin2m@slashdot.org,590 752 646,Developer I,17340,false,5202,Chrysler,Red
Quill,Llewelyn,Female,29,false,2,qllewelyn2n@wunderground.com,517 396 015,Staff Scientist,14470,true,4341,Porsche,Aquamarine
Sheryl,Healey,Male,25,false,2,shealey2o@chron.com,884 525 877,Data Coordiator,14360,true,5744,Lincoln,Yellow
Abby,Duny,Female,43,true,5,aduny2p@amazonaws.com,514 275 585,Human Resources Manager,14420,false,2884,Toyota,Aquamarine
Cazzie,Mitskevich,Male,51,false,3,cmitskevich2q@apache.org,897 746 918,Environmental Tech,8220,false,5754,BMW,Teal
Allyson,Edgerley,Male,40,false,6,aedgerley2r@sciencedirect.com,828 356 077,General Manager,6110,true,3666,Mercedes-Benz,Pink
